13,3
13,2
13,1
14,6
14,3
14,5
14,2
14,1
14,4
15,4
15,2
15,3
15,6
15,1
15,5
16,3
16,4
16,9
16,1
16,8
16,5
16,10
16,2
16,7
16,6
17,8
17,4
17,2
17,3
17,7
17,5
17,10
17,6
17,9
17,1
18,8
18,1
18,6
18,3
18,13
18,4
18,11
18,10
18,15
18,9
18,7
18,12
18,2
18,14
18,5
19,12
19,13
19,8
19,15
19,11
19,16
19,5
19,7
19,2
19,9
19,10
19,1
19,6
19,4
19,14
19,3
20,11
20,21
20,14
20,13
20,3
20,5
20,15
20,7
20,19
20,17
20,9
20,18
20,16
20,10
20,4
20,6
20,12
20,1
20,2
20,8
20,20
20,22
21,22
21,18
21,17
21,11
21,21
21,27
21,25
21,16
21,8
21,14
21,7
21,23
21,30
21,28
21,13
21,10
21,20
21,6
21,12
21,19
21,29
21,9
21,1
21,24
21,5
21,31
21,2
21,3
21,26
21,15
21,4
22,23
22,10
22,12
22,8
22,5
22,4
22,26
22,31
22,30
22,16
22,1
22,24
22,17
22,7
22,3
22,21
22,2
22,19
22,25
22,18
22,27
22,28
22,14
22,13
22,15
22,22
22,9
22,20
22,6
22,11
22,29
23,36
23,18
23,20
23,10
23,29
23,14
23,26
23,1
23,4
23,19
23,2
23,15
23,31
23,5
23,33
23,3
23,24
23,6
23,40
23,9
23,37
23,39
23,12
23,34
23,22
23,41
23,32
23,30
23,11
23,25
23,38
23,21
23,23
23,7
23,35
23,13
23,28
23,27
23,16
23,17
23,8
24,49
24,32
24,3
24,6
24,26
24,34
24,7
24,36
24,17
24,37
24,38
24,22
24,33
24,52
24,39
24,31
24,15
24,13
24,25
24,20
24,14
24,5
24,50
24,35
24,51
24,29
24,53
24,54
24,9
24,16
24,10
24,46
24,21
24,19
24,45
24,2
24,12
24,42
24,18
24,27
24,28
24,30
24,1
24,48
24,8
24,47
24,4
24,11
24,23
24,41
24,43
24,40
24,24
24,44
25,11
25,52
25,26
25,42
25,22
25,46
25,47
25,54
25,43
25,32
25,13
25,38
25,12
25,15
25,35
25,3
25,4
25,23
25,1
25,34
25,44
25,20
25,28
25,25
25,37
25,27
25,36
25,45
25,6
25,21
25,10
25,29
25,49
25,9
25,50
25,33
25,14
25,8
25,48
25,40
25,18
25,41
25,16
25,30
25,19
25,51
25,24
25,5
25,31
25,7
25,53
25,17
25,39
25,2
26,15
26,73
26,50
26,16
26,31
26,75
26,34
26,24
26,9
26,2
26,37
26,33
26,28
26,61
26,18
26,5
26,59
26,36
26,39
26,45
26,65
26,69
26,25
26,1
26,6
26,27
26,23
26,21
26,60
26,57
26,10
26,19
26,29
26,64
26,54
26,53
26,70
26,14
26,12
26,48
26,3
26,38
26,17
26,47
26,30
26,42
26,35
26,71
26,7
26,51
26,8
26,32
26,74
26,49
26,63
26,26
26,22
26,13
26,44
26,41
26,67
26,58
26,52
26,72
26,4
26,40
26,43
26,55
26,66
26,46
26,20
26,68
26,11
26,62
26,56
27,73
27,1
27,48
27,12
27,35
27,40
27,60
27,24
27,45
27,68
27,51
27,65
27,74
27,14
27,46
27,2
27,72
27,66
27,41
27,11
27,22
27,13
27,42
27,47
27,38
27,71
27,7
27,49
27,8
27,43
27,44
27,62
27,50
27,36
27,69
27,6
27,25
27,18
27,39
27,64
27,23
27,10
27,61
27,63
27,75
27,37
27,9
27,19
27,70
27,67
27,4
27,52
27,54
27,29
27,53
27,26
27,21
27,58
27,32
27,55
27,34
27,20
27,16
27,31
27,15
27,27
27,28
27,59
27,3
27,17
27,57
27,5
27,30
27,33
27,56
28,14
28,67
28,18
28,25
28,54
28,33
28,52
28,55
28,24
28,46
28,53
28,58
28,65
28,43
28,13
28,37
28,36
28,48
28,87
28,40
28,82
28,61
28,22
28,72
28,41
28,2
28,56
28,71
28,42
28,83
28,85
28,11
28,79
28,84
28,75
28,86
28,30
28,47
28,66
28,70
28,17
28,16
28,8
28,50
28,19
28,15
28,62
28,89
28,81
28,60
28,78
28,20
28,63
28,1
28,32
28,59
28,35
28,44
28,88
28,57
28,27
28,74
28,28
28,5
28,51
28,64
28,68
28,21
28,49
28,45
28,7
28,39
28,3
28,4
28,34
28,76
28,9
28,29
28,38
28,69
28,31
28,12
28,73
28,77
28,23
28,80
28,26
28,10
28,6
29,64
29,78
29,72
29,48
29,50
29,63
29,49
29,65
29,56
29,73
29,33
29,39
29,12
29,2
29,38
29,87
29,41
29,74
29,16
29,58
29,18
29,31
29,24
29,88
29,62
29,86
29,57
29,79
29,13
29,7
29,26
29,53
29,32
29,5
29,85
29,75
29,40
29,61
29,52
29,76
29,23
29,29
29,6
29,80
29,70
29,10
29,9
29,59
29,82
29,43
29,46
29,55
29,25
29,36
29,54
29,77
29,34
29,3
29,4
29,45
29,21
29,68
29,28
29,69
29,51
29,35
29,60
29,44
29,81
29,20
29,1
29,27
29,67
29,14
29,84
29,42
29,83
29,11
29,66
29,89
29,17
29,30
29,71
29,22
29,15
29,37
29,8
29,19
29,47
30,21
30,56
30,89
30,84
30,44
30,8
30,85
30,39
30,17
30,30
30,4
30,5
30,68
30,69
30,18
30,45
30,72
30,66
30,28
30,24
30,64
30,81
30,88
30,54
30,1
30,16
30,19
30,48
30,55
30,47
30,46
30,43
30,53
30,87
30,71
30,82
30,9
30,83
30,2
30,86
30,70
30,80
30,40
30,65
30,73
30,79
30,11
30,27
30,29
30,23
30,31
30,57
30,67
30,10
30,41
30,42
30,96
30,12
30,93
30,78
30,76
30,13
30,26
30,63
30,91
30,22
30,60
30,6
30,52
30,37
30,15
30,34
30,3
30,75
30,50
30,38
30,77
30,95
30,62
30,98
30,97
30,58
30,35
30,92
30,33
30,7
30,61
30,51
30,59
30,20
30,25
30,90
30,49
30,14
30,36
30,94
30,32
30,74
31,35
31,33
31,78
31,85
31,27
31,75
31,20
31,51
31,50
31,43
31,41
31,8
31,48
31,95
31,70
31,77
31,62
31,46
31,86
31,80
31,16
31,9
31,92
31,36
31,81
31,82
31,79
31,55
31,37
31,47
31,83
31,71
31,15
31,11
31,23
31,76
31,25
31,61
31,68
31,42
31,84
31,56
31,10
31,19
31,67
31,52
31,54
31,24
31,72
31,4
31,2
31,66
31,94
31,59
31,14
31,22
31,30
31,17
31,93
31,29
31,1
31,34
31,44
31,13
31,39
31,96
31,74
31,21
31,38
31,45
31,40
31,7
31,28
31,6
31,88
31,65
31,58
31,31
31,57
31,63
31,73
31,5
31,18
31,64
31,32
31,60
31,3
31,49
31,87
31,89
31,26
31,90
31,53
31,12
31,91
31,69
32,34
32,22
32,18
32,70
32,61
32,49
32,58
32,68
32,30
32,1
32,13
32,42
32,56
32,31
32,9
32,52
32,20
32,10
32,36
32,43
32,74
32,3
32,64
32,39
32,14
32,76
32,17
32,29
32,67
32,19
32,32
32,25
32,23
32,11
32,5
32,51
32,21
32,46
32,47
32,45
32,27
32,59
32,55
32,60
32,71
32,15
32,54
32,26
32,57
32,35
32,72
32,73
32,16
32,62
32,12
32,79
32,24
32,65
32,7
32,69
32,44
32,33
32,28
32,6
32,40
32,75
32,4
32,53
32,66
32,78
32,41
32,38
32,50
32,2
32,63
32,8
32,37
32,48
32,77
33,67
33,19
33,23
33,14
33,60
33,50
33,32
33,77
33,7
33,62
33,75
33,39
33,64
33,26
33,58
33,76
33,27
33,45
33,63
33,9
33,12
33,48
33,70
33,79
33,43
33,74
33,78
33,46
33,17
33,51
33,38
33,15
33,3
33,20
33,33
33,29
33,11
33,25
33,68
33,66
33,22
33,47
33,2
33,1
33,73
33,49
33,65
33,56
33,35
33,24
33,6
33,42
33,34
33,59
33,10
33,37
33,72
33,54
33,13
33,52
33,71
33,31
33,41
33,5
33,57
33,8
33,16
33,21
33,61
33,40
33,18
33,55
33,36
33,69
33,28
33,30
33,44
33,53
33,4
34,17
34,45
34,27
34,4
34,51
34,55
34,34
34,28
34,35
34,1
34,6
34,10
34,29
34,44
34,36
34,49
34,22
34,20
34,52
34,54
34,40
34,21
34,16
34,53
34,7
34,56
34,5
34,42
34,38
34,30
34,12
34,2
34,37
34,24
34,48
34,26
34,25
34,8
34,41
34,33
34,57
34,11
34,50
34,47
34,43
34,32
34,15
34,58
34,19
34,39
34,23
34,13
34,18
34,14
34,9
34,3
34,31
34,46
35,45
35,33
35,48
35,17
35,7
35,58
35,12
35,39
35,49
35,38
35,35
35,31
35,32
35,13
35,57
35,6
35,16
35,18
35,50
35,28
35,55
35,53
35,5
35,40
35,27
35,1
35,3
35,23
35,4
35,51
35,47
35,11
35,29
35,14
35,20
35,10
35,54
35,21
35,34
35,46
35,19
35,43
35,22
35,8
35,41
35,25
35,26
35,15
35,36
35,24
35,37
35,44
35,52
35,30
35,2
35,9
35,42
35,56
36,19
36,9
36,8
36,23
36,3
36,21
36,22
36,2
36,5
36,7
36,4
36,6
36,20
36,17
36,27
36,1
36,30
36,32
36,10
36,14
36,36
36,35
36,24
36,31
36,16
36,29
36,34
36,25
36,18
36,12
36,15
36,13
36,33
36,28
36,26
36,11
37,33
37,1
37,20
37,30
37,11
37,24
37,14
37,3
37,15
37,35
37,17
37,22
37,2
37,19
37,6
37,5
37,9
37,31
37,23
37,34
37,16
37,36
37,26
37,32
37,25
37,13
37,28
37,18
37,12
37,29
37,7
37,4
37,10
37,27
37,8
37,21
38,8
38,5
38,6
38,12
38,19
38,20
38,2
38,18
38,17
38,16
38,7
38,10
38,1
38,11
38,4
38,14
38,13
38,3
38,9
38,15
38,21
39,2
39,6
39,12
39,5
39,3
39,7
39,9
39,4
39,1
39,8
39,10
39,11
40,2
40,6
40,11
40,12
40,5
40,8
40,10
40,1
40,3
40,4
40,7
40,9
41,1
41,4
41,3
41,6
41,2
41,7
41,5
42,2
42,1
42,5
42,3
42,6
42,4
43,4
43,2
43,5
43,1
43,3
43,6
44,2
44,3
44,8
44,6
44,7
44,1
44,4
44,5
45,1
45,6
45,5
45,2
45,7
45,4
45,3
45,8
46,8
46,7
46,6
46,5
46,12
46,1
46,11
46,3
46,4
46,9
46,10
46,13
46,2
47,12
47,5
47,19
47,1
47,14
47,11
47,8
47,7
47,13
47,9
47,18
47,17
47,4
47,10
47,6
47,2
47,3
47,16
47,15
48,3
48,4
48,14
48,19
48,10
48,13
48,9
48,12
48,7
48,5
48,2
48,15
48,8
48,11
48,17
48,16
48,1
48,6
48,18
49,30
49,6
49,9
49,23
49,20
49,4
49,1
49,16
49,21
49,3
49,25
49,7
49,13
49,31
49,18
49,10
49,22
49,26
49,24
49,8
49,17
49,2
49,29
49,28
49,12
49,27
49,19
49,11
49,15
49,14
49,5
50,29
50,19
50,28
50,8
50,13
50,10
50,27
50,17
50,12
50,7
50,4
50,14
50,11
50,16
50,22
50,24
50,1
50,6
50,21
50,5
50,2
50,31
50,26
50,15
50,3
50,30
50,9
50,18
50,20
50,23
50,25
51,28
51,49
51,34
51,33
51,16
51,6
51,32
51,13
51,26
51,29
51,50
51,38
51,15
51,7
51,25
51,20
51,18
51,37
51,4
51,14
51,31
51,17
51,27
51,21
51,51
51,36
51,35
51,30
51,22
51,5
51,39
51,3
51,43
51,45
51,24
51,1
51,11
51,46
51,19
51,8
51,12
51,40
51,48
51,9
51,42
51,2
51,44
51,23
51,10
51,41
51,47
52,14
52,42
52,2
52,51
52,43
52,17
52,8
52,44
52,31
52,40
52,18
52,20
52,41
52,3
52,27
52,21
52,50
52,4
52,37
52,48
52,25
52,12
52,46
52,38
52,11
52,30
52,36
52,7
52,39
52,16
52,24
52,34
52,6
52,47
52,26
52,1
52,28
52,22
52,9
52,15
52,45
52,29
52,19
52,33
52,5
52,23
52,13
52,35
52,32
52,49
52,10
53,70
53,34
53,21
53,62
53,12
53,67
53,71
53,1
53,27
53,59
53,7
53,76
53,4
53,46
53,75
53,26
53,6
53,50
53,36
53,47
53,3
53,78
53,79
53,22
53,43
53,53
53,2
53,61
53,15
53,33
53,23
53,35
53,31
53,42
53,60
53,9
53,14
53,37
53,77
53,18
53,20
53,16
53,51
53,58
53,72
53,24
53,11
53,66
53,57
53,32
53,52
53,29
53,83
53,44
53,54
53,19
53,39
53,55
53,63
53,45
53,82
53,49
53,25
53,38
53,64
53,13
53,10
53,65
53,56
53,28
53,30
53,68
53,5
53,84
53,69
53,17
53,8
53,41
53,74
53,73
53,80
53,81
53,40
53,48
54,49
54,82
54,89
54,97
54,126
54,20
54,91
54,35
54,101
54,90
54,16
54,74
54,51
54,58
54,36
54,39
54,69
54,78
54,32
54,100
54,117
54,125
54,112
54,76
54,98
54,99
54,3
54,92
54,65
54,116
54,9
54,93
54,95
54,40
54,26
54,28
54,6
54,81
54,128
54,94
54,8
54,34
54,67
54,73
54,47
54,71
54,1
54,59
54,15
54,64
54,33
54,96
54,13
54,88
54,29
54,113
54,127
54,10
54,114
54,60
54,45
54,115
54,55
54,22
54,24
54,77
54,102
54,129
54,19
54,123
54,12
54,87
54,84
54,121
54,104
54,14
54,30
54,56
54,107
54,7
54,119
54,106
54,122
54,41
54,17
54,66
54,120
54,79
54,86
54,4
54,38
54,52
54,27
54,105
54,54
54,108
54,21
54,62
54,46
54,11
54,72
54,109
54,57
54,53
54,23
54,5
54,48
54,42
54,80
54,43
54,61
54,111
54,103
54,70
54,75
54,50
54,2
54,124
54,63
54,83
54,110
54,31
54,85
54,44
54,25
54,18
54,118
54,68
54,37
55,6
55,59
55,85
55,81
55,46
55,56
55,34
55,68
55,54
55,28
55,9
55,94
55,70
55,5
55,53
55,55
55,17
55,43
55,129
55,88
55,89
55,79
55,16
55,80
55,83
55,32
55,69
55,90
55,58
55,30
55,57
55,91
55,31
55,11
55,93
55,21
55,19
55,86
55,29
55,27
55,84
55,44
55,33
55,78
55,2
55,87
55,82
55,92
55,4
55,10
55,67
55,18
55,37
55,72
55,124
55,103
55,61
55,111
55,42
55,118
55,23
55,48
55,51
55,125
55,102
55,73
55,39
55,112
55,117
55,101
55,76
55,49
55,110
55,25
55,104
55,14
55,20
55,107
55,50
55,41
55,75
55,121
55,45
55,106
55,63
55,108
55,100
55,52
55,62
55,12
55,105
55,122
55,38
55,120
55,66
55,119
55,109
55,123
55,7
55,36
55,3
55,24
55,95
55,96
55,15
55,40
55,77
55,114
55,128
55,127
55,71
55,113
55,47
55,35
55,97
55,26
55,126
55,8
55,22
55,1
55,116
55,99
55,60
55,65
55,64
55,13
55,115
55,74
55,98
56,171
56,10
56,162
56,19
56,65
56,135
56,142
56,56
56,174
56,81
56,55
56,20
56,173
56,160
56,133
56,70
56,134
56,5
56,158
56,172
56,63
56,108
56,143
56,161
56,8
56,119
56,141
56,73
56,168
56,113
56,138
56,74
56,112
56,17
56,167
56,165
56,117
56,69
56,64
56,82
56,139
56,166
56,118
56,164
56,140
56,120
56,170
56,84
56,109
56,163
56,116
56,110
56,115
56,169
56,159
56,111
56,83
56,114
56,80
56,13
56,136
56,137
56,86
56,68
56,97
56,91
56,126
56,98
56,148
56,187
56,18
56,99
56,100
56,58
56,186
56,90
56,16
56,153
56,101
56,76
56,89
56,185
56,71
56,77
56,129
56,78
56,15
56,67
56,150
56,151
56,94
56,192
56,95
56,9
56,128
56,152
56,191
56,190
56,6
56,189
56,60
56,93
56,149
56,59
56,96
56,188
56,92
56,157
56,102
56,184
56,62
56,155
56,122
56,7
56,177
56,156
56,106
56,146
56,176
56,131
56,75
56,11
56,132
56,145
56,107
56,121
56,175
56,144
56,85
56,178
56,125
56,179
56,105
56,88
56,79
56,103
56,183
56,61
56,182
56,147
56,124
56,72
56,181
56,154
56,57
56,104
56,87
56,123
56,130
56,180
56,12
56,14
56,66
56,127
56,21
56,29
56,25
56,2
56,48
56,32
56,43
56,28
56,1
56,40
56,38
56,22
56,33
56,41
56,52
56,45
56,46
56,54
56,24
56,53
56,23
56,47
56,49
56,51
56,44
56,30
56,4
56,35
56,26
56,34
56,27
56,39
56,3
56,42
56,37
56,31
56,50
56,36
57,147
57,39
57,8
57,161
57,103
57,267
57,65
57,199
57,237
57,83
57,49
57,165
57,31
57,197
57,265
57,164
57,162
57,37
57,266
57,111
57,198
57,22
57,163
57,87
57,30
57,200
57,269
57,160
57,88
57,13
57,102
57,274
57,154
57,204
57,53
57,23
57,155
57,153
57,205
57,234
57,152
57,26
57,76
57,151
57,95
57,67
57,114
57,236
57,235
57,66
57,112
57,58
57,268
57,159
57,64
57,201
57,270
57,158
57,273
57,74
57,17
57,157
57,202
57,79
57,272
57,48
57,156
57,113
57,271
57,166
57,110
57,196
57,188
57,85
57,38
57,179
57,244
57,15
57,84
57,105
57,180
57,189
57,243
57,60
57,62
57,254
57,7
57,177
57,108
57,190
57,178
57,253
57,252
57,245
57,106
57,249
57,248
57,51
57,77
57,184
57,35
57,186
57,250
57,247
57,183
57,75
57,61
57,182
57,187
57,251
57,246
57,107
57,181
57,255
57,256
57,176
57,97
57,260
57,86
57,170
57,194
57,261
57,104
57,96
57,239
57,169
57,262
57,168
57,195
57,206
57,6
57,238
57,59
57,25
57,263
57,167
57,240
57,264
57,171
57,193
57,257
57,50
57,175
57,191
57,258
57,242
57,174
57,27
57,20
57,173
57,192
57,14
57,80
57,109
57,52
57,241
57,259
57,3
57,172
57,63
57,233
57,203
57,150
57,136
57,9
57,214
57,19
57,44
57,56
57,91
57,119
57,135
57,134
57,215
57,36
57,227
57,28
57,70
57,133
57,94
57,5
57,137
57,228
57,141
57,211
57,73
57,10
57,229
57,45
57,98
57,140
57,69
57,212
57,139
57,118
57,54
57,29
57,100
57,138
57,213
57,120
57,90
57,216
57,41
57,223
57,78
57,1
57,126
57,12
57,220
57,222
57,99
57,125
57,42
57,93
57,124
57,221
57,72
57,123
57,18
57,55
57,127
57,219
57,122
57,226
57,24
57,33
57,11
57,217
57,131
57,81
57,225
57,130
57,92
57,121
57,218
57,129
57,224
57,71
57,43
57,128
57,132
57,142
57,34
57,117
57,68
57,231
57,209
57,145
57,46
57,40
57,21
57,101
57,146
57,116
57,16
57,208
57,82
57,89
57,57
57,232
57,4
57,148
57,207
57,115
57,149
57,47
57,2
57,144
57,185
57,32
57,230
57,210
57,143
58,16
58,71
58,65
58,160
58,89
58,178
58,43
58,254
58,7
58,62
58,35
58,128
58,122
58,18
58,179
58,141
58,153
58,148
58,108
58,129
58,255
58,116
58,175
58,39
58,131
58,92
58,274
58,2
58,257
58,114
58,176
58,130
58,256
58,147
58,121
58,154
58,13
58,177
58,23
58,143
58,8
58,38
58,162
58,115
58,151
58,42
58,250
58,61
58,93
58,47
58,184
58,95
58,124
58,67
58,51
58,72
58,267
58,123
58,150
58,9
58,183
58,125
58,142
58,75
58,127
58,180
58,117
58,253
58,78
58,1
58,252
58,181
58,85
58,161
58,126
58,152
58,90
58,12
58,251
58,107
58,182
58,149
58,15
58,258
58,50
58,159
58,137
58,264
58,25
58,167
58,119
58,74
58,263
58,145
58,136
58,157
58,91
58,34
58,110
58,272
58,168
58,163
58,96
58,68
58,269
58,166
58,64
58,266
58,111
58,164
58,45
58,270
58,139
58,49
58,118
58,169
58,144
58,69
58,140
58,165
58,158
58,31
58,32
58,138
58,271
58,265
58,44
58,262
58,79
58,26
58,133
58,185
58,273
58,41
58,112
58,24
58,146
58,40
58,132
58,173
58,10
58,259
58,73
58,33
58,174
58,155
58,88
58,109
58,11
58,66
58,63
58,46
58,87
58,135
58,19
58,48
58,170
58,113
58,261
58,172
58,134
58,268
58,86
58,94
58,171
58,70
58,260
58,120
58,156
58,3
58,27
58,20
58,234
58,242
58,229
58,98
58,80
58,211
58,14
58,192
58,212
58,52
58,230
58,210
58,193
58,231
58,209
58,240
58,101
58,241
58,82
58,54
58,213
58,216
58,36
58,189
58,105
58,84
58,215
58,60
58,191
58,56
58,190
58,214
58,243
58,29
58,100
58,228
58,97
58,5
58,244
58,194
58,208
58,238
58,53
58,203
58,30
58,77
58,37
58,198
58,21
58,202
58,201
58,58
58,199
58,83
58,22
58,236
58,200
58,237
58,232
58,197
58,204
58,239
58,17
58,57
58,104
58,4
58,207
58,195
58,235
58,59
58,206
58,76
58,249
58,205
58,196
58,6
58,102
58,233
58,227
58,103
58,99
58,222
58,188
58,81
58,187
58,246
58,245
58,217
58,224
58,186
58,248
58,221
58,106
58,55
58,219
58,223
58,220
58,28
58,247
58,218
58,226
58,225
59,206
59,67
59,151
59,9
59,361
59,132
59,279
59,338
59,152
59,234
59,126
59,321
59,278
59,205
59,316
59,114
59,277
59,220
59,4
59,150
59,280
59,116
59,286
59,147
59,285
59,284
59,336
59,57
59,89
59,127
59,148
59,223
59,314
59,283
59,78
59,282
59,337
59,99
59,149
59,207
59,281
59,115
59,315
59,47
59,362
59,79
59,276
59,233
59,1
59,95
59,153
59,154
59,275
59,42
59,202
59,272
59,26
59,30
59,271
59,340
59,158
59,221
59,270
59,201
59,341
59,157
59,159
59,269
59,58
59,268
59,342
59,160
59,124
59,123
59,236
59,72
59,18
59,112
59,200
59,103
59,319
59,360
59,37
59,74
59,102
59,13
59,12
59,317
59,23
59,204
59,274
59,235
59,318
59,88
59,155
59,21
59,222
59,339
59,125
59,53
59,273
59,93
59,203
59,66
59,156
59,77
59,55
59,320
59,48
59,113
59,76
59,287
59,122
59,219
59,325
59,308
59,214
59,136
59,100
59,29
59,91
59,36
59,302
59,301
59,119
59,137
59,92
59,228
59,300
59,299
59,298
59,130
59,73
59,138
59,213
59,329
59,121
59,297
59,330
59,309
59,225
59,303
59,131
59,5
59,227
59,94
59,28
59,306
59,24
59,327
59,33
59,11
59,133
59,216
59,305
59,217
59,120
59,70
59,307
59,134
59,326
59,215
59,41
59,304
59,34
59,19
59,135
59,56
59,328
59,226
59,44
59,54
59,139
59,45
59,296
59,363
59,290
59,224
59,46
59,43
59,210
59,334
59,144
59,289
59,231
59,323
59,68
59,32
59,145
59,101
59,128
59,209
59,312
59,322
59,2
59,288
59,335
59,82
59,40
59,146
59,232
59,313
59,143
59,208
59,117
59,230
59,118
59,218
59,212
59,69
59,16
59,310
59,140
59,229
59,295
59,129
59,98
59,331
59,324
59,141
59,71
59,211
59,10
59,81
59,294
59,267
59,364
59,293
59,142
59,90
59,292
59,333
59,291
59,311
59,332
59,249
59,357
59,3
59,64
59,344
59,176
59,261
59,14
59,85
59,38
59,166
59,194
59,253
59,170
59,6
59,264
59,346
59,181
59,358
59,240
59,252
59,260
59,349
59,182
59,49
59,238
59,359
59,265
59,350
59,107
59,251
59,165
59,197
59,97
59,246
59,171
59,257
59,187
59,164
59,25
59,188
59,262
59,239
59,62
59,104
59,189
59,84
59,168
59,169
59,195
59,263
59,7
59,110
59,108
59,178
59,20
59,255
59,345
59,244
59,59
59,180
59,256
59,245
59,196
59,243
59,35
59,351
59,31
59,167
59,190
59,17
59,254
59,355
59,179
59,96
59,105
59,177
59,191
59,60
59,175
59,65
59,106
59,174
59,258
59,248
59,162
59,80
59,199
59,183
59,247
59,356
59,250
59,348
59,15
59,172
59,50
59,193
59,27
59,186
59,61
59,184
59,39
59,63
59,242
59,352
59,163
59,237
59,52
59,86
59,347
59,161
59,185
59,83
59,192
59,111
59,75
59,354
59,173
59,22
59,259
59,266
59,343
59,109
59,198
59,51
59,241
59,87
59,8
59,353
60,303
60,255
60,34
60,177
60,174
60,109
60,60
60,331
60,135
60,141
60,100
60,328
60,242
60,259
60,5
60,190
60,44
60,295
60,29
60,69
60,136
60,300
60,257
60,299
60,54
60,73
60,139
60,80
60,304
60,258
60,349
60,329
60,45
60,175
60,138
60,356
60,191
60,330
60,297
60,298
60,35
60,350
60,176
60,256
60,212
60,140
60,118
60,243
60,50
60,105
60,213
60,302
60,91
60,52
60,301
60,229
60,84
60,16
60,228
60,119
60,296
60,137
60,214
60,161
60,132
60,41
60,316
60,99
60,183
60,315
60,352
60,247
60,223
60,354
60,322
60,127
60,51
60,220
60,314
60,313
60,251
60,122
60,219
60,97
60,187
60,323
60,128
60,81
60,312
60,182
60,107
60,126
60,78
60,250
60,55
60,222
60,185
60,72
60,249
60,123
60,124
60,353
60,42
60,106
60,319
60,221
60,18
60,186
60,125
60,184
60,318
60,321
60,93
60,12
60,61
60,317
60,28
60,248
60,1
60,43
60,224
60,311
60,324
60,307
60,217
60,254
60,351
60,10
60,75
60,227
60,306
60,327
60,179
60,24
60,189
60,133
60,62
60,216
60,33
60,7
60,305
60,56
60,244
60,70
60,120
60,134
60,178
60,108
60,11
60,215
60,355
60,180
60,252
60,129
60,225
60,325
60,246
60,310
60,218
60,181
60,71
60,38
60,121
60,36
60,85
60,130
60,14
60,309
60,253
60,308
60,92
60,94
60,19
60,326
60,131
60,188
60,226
60,245
60,332
60,294
60,192
60,264
60,278
60,6
60,277
60,114
60,153
60,166
60,205
60,96
60,276
60,77
60,64
60,74
60,13
60,102
60,59
60,358
60,154
60,235
60,359
60,344
60,265
60,204
60,197
60,275
60,25
60,152
60,234
60,149
60,263
60,207
60,47
60,281
60,79
60,168
60,362
60,115
60,150
60,104
60,233
60,20
60,345
60,9
60,67
60,206
60,151
60,211
60,4
60,280
60,338
60,167
60,279
60,31
60,274
60,361
60,23
60,165
60,158
60,39
60,15
60,26
60,65
60,270
60,341
60,159
60,8
60,201
60,103
60,343
60,199
60,269
60,342
60,162
60,236
60,160
60,268
60,22
60,360
60,112
60,267
60,200
60,83
60,340
60,110
60,58
60,237
60,88
60,339
60,155
60,49
60,273
60,238
60,203
60,66
60,156
60,164
60,111
60,21
60,48
60,266
60,37
60,53
60,198
60,87
60,113
60,157
60,202
60,272
60,163
60,76
60,30
60,271
60,337
60,196
60,335
60,210
60,346
60,287
60,240
60,290
60,116
60,208
60,3
60,90
60,292
60,147
60,357
60,68
60,63
60,363
60,145
60,171
60,291
60,347
60,2
60,117
60,17
60,98
60,143
60,32
60,193
60,241
60,82
60,209
60,261
60,348
60,146
60,194
60,232
60,170
60,288
60,333
60,172
60,289
60,283
60,195
60,142
60,144
60,364
60,27
60,169
60,148
60,286
60,239
60,282
60,284
60,230
60,86
60,262
60,231
60,293
60,95
60,57
60,336
60,334
60,260
60,173
60,285
60,101
60,40
60,320
60,46
60,89
61,370
61,37
61,348
61,387
61,39
61,349
61,113
61,374
61,383
61,322
61,76
61,378
61,334
61,360
61,97
61,372
61,379
61,332
61,112
61,333
61,364
61,384
61,109
61,343
61,353
61,123
61,365
61,342
61,34
61,118
61,99
61,106
61,366
61,321
61,35
61,38
61,26
61,367
61,341
61,376
61,103
61,357
61,15
61,117
61,354
61,331
61,108
61,385
61,326
61,116
61,339
61,382
61,346
61,13
61,351
61,338
61,381
61,369
61,25
61,336
61,373
61,77
61,75
61,375
61,345
61,41
61,100
61,120
61,110
61,363
61,368
61,355
61,95
61,362
61,40
61,377
61,104
61,115
61,327
61,328
61,329
61,114
61,380
61,344
61,324
61,96
61,18
61,111
61,335
61,337
61,330
61,78
61,340
61,122
61,361
61,101
61,98
61,323
61,107
61,356
61,73
61,74
61,94
61,105
61,121
61,347
61,102
61,352
61,350
61,14
61,359
61,119
61,325
61,386
61,36
61,358
61,320
61,276
61,164
61,254
61,430
61,7
61,179
61,429
61,62
61,178
61,428
61,255
61,180
61,177
61,256
61,176
61,426
61,257
61,175
61,258
61,174
61,50
61,425
61,427
61,259
61,253
61,252
61,187
61,247
61,436
61,248
61,186
61,435
61,249
61,185
61,434
61,181
61,250
61,433
61,61
61,183
61,51
61,432
61,251
61,182
61,431
61,85
61,184
61,437
61,173
61,172
61,12
61,266
61,87
61,163
61,65
61,8
61,419
61,162
61,267
61,420
61,161
61,23
61,417
61,268
61,160
61,416
61,269
61,159
61,415
61,270
61,418
61,63
61,49
61,265
61,86
61,260
61,171
61,261
61,170
61,424
61,3
61,262
61,169
61,165
61,423
61,168
61,20
61,31
61,422
61,264
61,167
61,421
61,64
61,166
61,263
61,158
61,246
61,188
61,450
61,54
61,449
61,211
61,448
61,230
61,231
61,210
61,82
61,212
61,232
61,57
61,208
61,207
61,447
61,233
61,206
61,446
61,234
61,205
61,209
61,445
61,229
61,228
61,55
61,222
61,221
61,28
61,220
61,223
61,81
61,224
61,219
61,213
61,225
61,226
61,217
61,227
61,216
61,56
61,29
61,5
61,215
61,214
61,218
61,438
61,4
61,235
61,439
61,239
61,195
61,240
61,194
61,17
61,241
61,193
61,242
61,196
61,192
61,191
61,80
61,84
61,60
61,243
61,190
61,244
61,189
61,245
61,52
61,444
61,59
61,197
61,204
61,203
61,21
61,30
61,443
61,53
61,202
61,58
61,442
61,440
61,236
61,200
61,83
61,22
61,199
61,237
61,198
61,238
61,441
61,6
61,201
61,414
61,371
61,33
61,310
61,306
61,143
61,394
61,311
61,91
61,129
61,290
61,405
61,46
61,144
61,2
61,301
61,393
61,302
61,289
61,145
61,303
61,286
61,147
61,43
61,128
61,287
61,90
61,136
61,288
61,146
61,312
61,406
61,70
61,68
61,32
61,291
61,292
61,293
61,140
61,296
61,132
61,139
61,16
61,45
61,69
61,92
61,402
61,297
61,401
61,298
61,299
61,138
61,131
61,307
61,271
61,308
61,142
61,137
61,294
61,300
61,10
61,71
61,19
61,395
61,141
61,11
61,130
61,295
61,309
61,403
61,404
61,407
61,392
61,284
61,412
61,275
61,72
61,133
61,153
61,390
61,124
61,44
61,411
61,125
61,318
61,277
61,410
61,278
61,319
61,93
61,397
61,274
61,388
61,272
61,157
61,305
61,413
61,66
61,154
61,134
61,156
61,88
61,273
61,48
61,42
61,155
61,389
61,285
61,400
61,152
61,282
61,148
61,89
61,396
61,391
61,313
61,79
61,149
61,47
61,24
61,281
61,150
61,317
61,9
61,135
61,314
61,151
61,315
61,316
61,399
61,67
61,126
61,408
61,27
61,1
61,304
61,280
61,398
61,279
61,409
61,127
61,283
62,442
62,443
62,15
62,30
62,396
62,414
62,92
62,28
62,389
62,390
62,81
62,34
62,373
62,93
62,29
62,374
62,391
62,392
62,387
62,450
62,449
62,393
62,448
62,82
62,394
62,94
62,98
62,447
62,395
62,77
62,446
62,445
62,444
62,78
62,437
62,33
62,31
62,408
62,423
62,382
62,27
62,424
62,35
62,381
62,79
62,86
62,425
62,378
62,95
62,426
62,407
62,427
62,89
62,32
62,422
62,421
62,415
62,416
62,88
62,417
62,418
62,419
62,379
62,409
62,413
62,420
62,26
62,96
62,380
62,87
62,411
62,410
62,412
62,83
62,428
62,406
62,439
62,16
62,402
62,84
62,401
62,386
62,17
62,438
62,400
62,91
62,440
62,375
62,441
62,399
62,398
62,397
62,376
62,429
62,385
62,97
62,430
62,383
62,431
62,18
62,85
62,405
62,90
62,403
62,432
62,433
62,384
62,434
62,435
62,80
62,404
62,436
62,377
62,388
62,55
62,371
62,168
62,20
62,264
62,167
62,64
62,166
62,265
62,165
62,263
62,266
62,49
62,163
62,65
62,8
62,267
62,162
62,161
62,23
62,164
62,3
62,169
62,262
62,179
62,178
62,255
62,177
62,256
62,257
62,176
62,258
62,175
62,174
62,259
62,173
62,63
62,50
62,172
62,260
62,171
62,261
62,170
62,268
62,160
62,269
62,159
62,150
62,281
62,149
62,47
62,282
62,283
62,148
62,284
62,372
62,286
62,147
62,287
62,288
62,146
62,68
62,145
62,289
62,2
62,144
62,151
62,7
62,9
62,280
62,270
62,271
62,158
62,272
62,157
62,66
62,273
62,156
62,155
62,48
62,274
62,154
62,275
62,276
62,153
62,277
62,278
62,279
62,152
62,67
62,62
62,254
62,180
62,231
62,210
62,232
62,209
62,57
62,208
62,207
62,233
62,206
62,234
62,205
62,4
62,235
62,204
62,203
62,21
62,53
62,202
62,58
62,211
62,236
62,230
62,212
62,222
62,221
62,223
62,220
62,224
62,219
62,225
62,218
62,226
62,217
62,227
62,216
62,56
62,5
62,215
62,214
62,228
62,213
62,229
62,54
62,46
62,201
62,22
62,245
62,188
62,246
62,247
62,187
62,248
62,186
62,249
62,185
62,61
62,250
62,184
62,183
62,51
62,251
62,182
62,252
62,181
62,253
62,189
62,200
62,244
62,60
62,237
62,199
62,198
62,238
62,6
62,197
62,59
62,196
62,239
62,195
62,240
62,194
62,241
62,193
62,242
62,192
62,52
62,191
62,243
62,190
62,290
62,285
62,291
62,336
62,40
62,337
62,115
62,25
62,338
62,13
62,339
62,116
62,114
62,340
62,113
62,341
62,342
62,112
62,343
62,39
62,344
62,74
62,335
62,334
62,117
62,321
62,322
62,122
62,323
62,324
62,325
62,121
62,326
62,327
62,120
62,328
62,329
62,119
62,73
62,330
62,331
62,118
62,332
62,333
62,111
62,123
62,345
62,346
62,103
62,76
62,37
62,361
62,102
62,362
62,363
62,101
62,360
62,364
62,366
62,367
62,368
62,100
62,369
62,36
62,370
62,99
62,365
62,359
62,104
62,358
62,347
62,348
62,109
62,349
62,350
62,351
62,108
62,75
62,352
62,107
62,38
62,353
62,106
62,354
62,355
62,14
62,105
62,356
62,357
62,110
62,320
62,41
62,133
62,304
62,135
62,70
62,44
62,134
62,305
62,24
62,12
62,306
62,11
62,132
62,307
62,308
62,131
62,19
62,309
62,130
62,136
62,303
62,302
62,301
62,143
62,292
62,293
62,142
62,294
62,10
62,295
62,69
62,71
62,140
62,139
62,45
62,297
62,298
62,138
62,299
62,300
62,137
62,296
62,310
62,141
62,317
62,127
62,314
62,313
62,315
62,125
62,318
62,319
62,72
62,128
62,316
62,43
62,312
62,42
62,1
62,311
62,129
62,126
62,124
63,31
63,45
63,47
63,54
63,76
63,73
63,57
63,72
63,74
63,27
63,28
63,36
63,79
63,50
63,63
63,42
63,68
63,55
63,32
63,56
63,29
63,69
63,62
63,78
63,37
63,18
63,77
63,38
63,41
63,39
63,59
63,66
63,80
63,26
63,49
63,61
63,23
63,19
63,65
63,52
63,71
63,60
63,25
63,40
63,46
63,43
63,24
63,67
63,20
63,30
63,51
63,64
63,70
63,35
63,21
63,58
63,53
63,33
63,44
63,48
63,22
63,75
63,34
63,495
63,291
63,398
63,223
63,288
63,340
63,9
63,151
63,399
63,150
63,224
63,273
63,339
63,149
63,400
63,225
63,148
63,401
63,147
63,226
63,338
63,402
63,146
63,289
63,227
63,403
63,293
63,145
63,404
63,304
63,144
63,294
63,152
63,161
63,218
63,160
63,344
63,391
63,286
63,159
63,392
63,158
63,219
63,295
63,157
63,393
63,343
63,220
63,394
63,156
63,221
63,155
63,342
63,395
63,287
63,154
63,396
63,153
63,222
63,397
63,341
63,390
63,228
63,143
63,413
63,134
63,414
63,234
63,415
63,133
63,332
63,416
63,235
63,11
63,132
63,4
63,417
63,131
63,418
63,419
63,236
63,420
63,130
63,331
63,421
63,129
63,305
63,330
63,422
63,128
63,270
63,333
63,337
63,233
63,271
63,405
63,229
63,272
63,406
63,290
63,142
63,10
63,141
63,2
63,407
63,230
63,336
63,140
63,335
63,139
63,408
63,292
63,138
63,231
63,409
63,137
63,334
63,300
63,136
63,232
63,411
63,135
63,412
63,423
63,303
63,162
63,187
63,202
63,186
63,370
63,277
63,185
63,356
63,281
63,371
63,184
63,203
63,298
63,183
63,355
63,372
63,182
63,204
63,301
63,373
63,181
63,354
63,205
63,374
63,282
63,180
63,206
63,375
63,369
63,353
63,357
63,201
63,197
63,362
63,196
63,361
63,363
63,195
63,198
63,279
63,194
63,278
63,364
63,360
63,193
63,365
63,192
63,299
63,199
63,191
63,366
63,359
63,200
63,367
63,190
63,358
63,280
63,189
63,368
63,188
63,217
63,276
63,179
63,168
63,213
63,383
63,348
63,384
63,167
63,214
63,284
63,166
63,385
63,215
63,165
63,5
63,347
63,386
63,296
63,164
63,387
63,346
63,216
63,285
63,388
63,8
63,274
63,345
63,163
63,389
63,349
63,7
63,169
63,212
63,207
63,376
63,178
63,377
63,177
63,208
63,352
63,176
63,378
63,175
63,209
63,174
63,351
63,379
63,210
63,302
63,173
63,350
63,380
63,172
63,211
63,283
63,171
63,275
63,381
63,297
63,170
63,382
63,127
63,410
63,6
63,262
63,90
63,16
63,250
63,449
63,107
63,320
63,307
63,450
63,474
63,451
63,251
63,313
63,91
63,106
63,473
63,452
63,14
63,105
63,261
63,472
63,108
63,3
63,475
63,448
63,309
63,443
63,113
63,268
63,88
63,477
63,444
63,112
63,247
63,322
63,267
63,466
63,248
63,445
63,110
63,89
63,321
63,446
63,109
63,476
63,249
63,447
63,263
63,246
63,453
63,104
63,1
63,462
63,468
63,463
63,256
63,98
63,317
63,315
63,467
63,259
63,464
63,15
63,97
63,257
63,308
63,465
63,96
63,316
63,94
63,258
63,95
63,461
63,460
63,255
63,99
63,454
63,471
63,252
63,455
63,237
63,103
63,92
63,470
63,456
63,253
63,319
63,102
63,457
63,101
63,254
63,93
63,458
63,469
63,318
63,100
63,314
63,459
63,260
63,114
63,111
63,478
63,490
63,123
63,327
63,430
63,122
63,241
63,431
63,84
63,121
63,269
63,12
63,432
63,13
63,120
63,242
63,433
63,264
63,326
63,434
63,488
63,487
63,119
63,311
63,243
63,491
63,240
63,329
63,126
63,310
63,81
63,424
63,425
63,125
63,238
63,265
63,494
63,17
63,426
63,427
63,82
63,493
63,328
63,492
63,428
63,124
63,266
63,83
63,429
63,239
63,435
63,489
63,117
63,116
63,479
63,441
63,482
63,312
63,480
63,306
63,115
63,438
63,437
63,245
63,85
63,440
63,244
63,481
63,325
64,586
64,569
64,503
64,484
64,485
64,324
64,323
65,118
65,442
65,87
65,86
65,486
66,547
66,527
66,463
66,352
66,49
66,351
66,202
66,265
66,361
66,356
66,315
66,58
66,210
66,21
66,198
66,3
66,259
66,37
66,357
66,302
66,209
66,301
66,203
66,205
66,354
66,359
66,206
66,262
66,264
66,358
66,261
66,207
66,199
66,204
66,309
66,201
66,6
66,314
66,311
66,278
66,38
66,360
66,353
66,208
66,43
66,313
66,260
66,312
66,200
66,276
66,50
66,355
66,267
66,237
66,211
66,52
66,44
66,231
66,269
66,336
66,272
66,325
66,337
66,54
66,230
66,40
66,244
66,229
66,324
66,305
66,245
66,228
66,25
66,246
66,227
66,338
66,323
66,226
66,273
66,339
66,335
66,247
66,22
66,326
66,329
66,330
66,270
66,238
66,331
66,41
66,53
66,239
66,236
66,24
66,332
66,4
66,328
66,240
66,235
66,306
66,271
66,241
66,234
66,333
66,327
66,233
66,242
66,334
66,232
66,243
66,316
66,225
66,248
66,253
66,345
66,346
66,1
66,5
66,254
66,303
66,56
66,216
66,347
66,318
66,255
66,215
66,308
66,348
66,214
66,256
66,275
66,213
66,349
66,317
66,257
66,212
66,350
66,258
66,217
66,322
66,23
66,218
66,224
66,340
66,268
66,223
66,249
66,341
66,321
66,304
66,55
66,307
66,250
66,222
66,342
66,221
66,274
66,251
66,343
66,220
66,42
66,51
66,48
66,320
66,219
66,344
66,252
66,39
66,319
66,383
66,362
66,434
66,120
66,433
66,121
66,432
66,122
66,431
66,73
66,123
66,430
66,429
66,124
66,428
66,72
66,427
66,426
66,12
66,125
66,435
66,436
66,444
66,113
66,443
66,114
66,74
66,442
66,13
66,119
66,441
66,440
66,439
66,116
66,438
66,117
66,437
66,118
66,115
66,112
66,425
66,126
66,415
66,414
66,134
66,413
66,70
66,412
66,135
66,133
66,411
66,410
66,137
66,409
66,138
66,139
66,408
66,300
66,136
66,2
66,416
66,11
66,31
66,424
66,127
66,423
66,128
66,422
66,129
66,417
66,421
66,71
66,420
66,19
66,419
66,131
66,418
66,132
66,130
66,445
66,30
66,111
66,91
66,473
66,472
66,92
66,471
66,93
66,470
66,474
66,94
66,469
66,468
66,467
66,18
66,95
66,29
66,466
66,78
66,96
66,16
66,475
66,81
66,28
66,82
66,83
66,84
66,17
66,80
66,90
66,85
66,87
66,478
66,88
66,477
66,89
66,79
66,476
66,86
66,465
66,97
66,15
66,453
66,106
66,14
66,452
66,451
66,450
66,107
66,105
66,449
66,75
66,448
66,447
66,109
66,446
66,110
66,292
66,108
66,454
66,104
66,455
66,464
66,98
66,77
66,463
66,462
66,461
66,99
66,460
66,100
66,459
66,101
66,458
66,102
66,457
66,103
66,76
66,456
66,140
66,46
66,27
66,69
66,45
66,35
66,175
66,176
66,378
66,177
66,377
66,178
66,298
66,179
66,376
66,62
66,47
66,375
66,180
66,174
66,26
66,379
66,63
66,167
66,64
66,384
66,141
66,168
66,310
66,297
66,7
66,169
66,170
66,171
66,381
66,172
66,380
66,173
66,283
66,382
66,374
66,291
66,181
66,367
66,191
66,60
66,280
66,366
66,192
66,365
66,190
66,193
66,364
66,195
66,363
66,196
66,279
66,197
66,59
66,194
66,385
66,368
66,299
66,373
66,282
66,182
66,372
66,183
66,184
66,371
66,189
66,61
66,185
66,36
66,186
66,370
66,187
66,369
66,188
66,281
66,166
66,284
66,397
66,148
66,149
66,400
66,294
66,150
66,399
66,151
66,9
66,67
66,398
66,288
66,33
66,152
66,153
66,396
66,401
66,154
66,289
66,402
66,32
66,407
66,142
66,10
66,406
66,290
66,143
66,405
66,293
66,144
66,404
66,145
66,146
66,68
66,403
66,147
66,155
66,266
66,161
66,8
66,65
66,163
66,34
66,162
66,390
66,20
66,395
66,286
66,388
66,391
66,160
66,159
66,296
66,285
66,392
66,386
66,287
66,156
66,394
66,165
66,157
66,158
66,389
66,295
66,387
66,164
66,393
66,66
67,300
67,307
67,44
67,293
67,310
67,306
67,305
67,296
67,304
67,24
67,294
67,309
67,45
67,292
67,299
67,298
67,308
67,297
67,295
67,302
67,301
67,303
67,81
67,312
67,386
67,385
67,384
67,383
67,382
67,381
67,380
67,35
67,379
67,378
67,377
67,376
67,375
67,373
67,26
67,372
67,371
67,36
67,370
67,369
67,368
67,367
67,366
67,365
67,364
67,387
67,388
67,34
67,389
67,29
67,30
67,31
67,409
67,27
67,408
67,32
67,407
67,406
67,405
67,404
67,403
67,363
67,402
67,400
67,399
67,398
67,33
67,397
67,396
67,395
67,394
67,393
67,392
67,391
67,390
67,401
67,362
67,37
67,361
67,334
67,333
67,332
67,331
67,330
67,329
67,41
67,328
67,327
67,326
67,325
67,324
67,335
67,323
67,321
67,42
67,320
67,319
67,1
67,318
67,317
67,316
67,315
67,314
67,43
67,313
67,322
67,311
67,336
67,40
67,360
67,359
67,358
67,357
67,356
67,355
67,354
67,38
67,353
67,352
67,351
67,350
67,337
67,349
67,347
67,346
67,345
67,39
67,344
67,343
67,342
67,341
67,340
67,339
67,338
67,25
67,348
67,374
67,255
67,54
67,218
67,219
67,138
67,220
67,137
67,221
67,136
67,139
67,222
67,70
67,223
67,135
67,224
67,134
67,225
67,226
67,55
67,133
67,140
67,141
67,209
67,57
67,144
67,210
67,143
67,211
67,212
67,217
67,213
67,142
67,214
67,215
67,216
67,56
67,69
67,5
67,10
67,145
67,227
67,132
67,53
67,72
67,4
67,124
67,237
67,12
67,123
67,236
67,238
67,239
67,121
67,240
67,120
67,241
67,242
67,73
67,122
67,11
67,125
67,234
67,228
67,131
67,229
67,19
67,230
67,168
67,71
67,235
67,130
67,129
67,128
67,22
67,127
67,232
67,233
67,126
67,231
67,208
67,207
67,146
67,7
67,65
67,181
67,163
67,182
67,162
67,183
67,180
67,161
67,160
67,185
67,61
67,159
67,186
67,158
67,187
67,184
67,188
67,62
67,179
67,170
67,171
67,64
67,172
67,167
67,173
67,166
67,20
67,63
67,165
67,175
67,176
67,177
67,164
67,178
67,8
67,174
67,2
67,189
67,66
67,199
67,150
67,200
67,149
67,201
67,202
67,58
67,151
67,148
67,203
67,28
67,147
67,204
67,205
67,206
67,68
67,21
67,9
67,6
67,67
67,190
67,157
67,191
67,60
67,156
67,192
67,155
67,193
67,154
67,194
67,195
67,153
67,196
67,197
67,59
67,152
67,198
67,243
67,52
67,169
67,270
67,268
67,283
67,105
67,261
67,78
67,98
67,106
67,14
67,87
67,50
67,260
67,88
67,269
67,92
67,259
67,107
67,86
67,258
67,97
67,277
67,108
67,285
67,257
67,75
67,284
67,104
67,278
67,262
67,267
67,280
67,99
67,16
67,100
67,266
67,281
67,279
67,101
67,90
67,265
67,79
67,102
67,15
67,23
67,103
67,119
67,264
67,76
67,282
67,47
67,3
67,263
67,77
67,89
67,49
67,256
67,91
67,84
67,17
67,74
67,250
67,96
67,117
67,274
67,249
67,13
67,290
67,46
67,273
67,248
67,115
67,94
67,245
67,83
67,247
67,275
67,18
67,246
67,116
67,114
67,82
67,289
67,251
67,109
67,286
67,85
67,48
67,254
67,110
67,287
67,118
67,253
67,271
67,93
67,252
67,276
67,288
67,244
67,112
67,95
67,80
67,51
67,113
67,272
67,111
67,291
68,398
68,153
68,157
68,396
68,92
68,397
68,395
68,94
68,154
68,156
68,155
68,93
68,16
68,119
68,162
68,91
68,164
68,17
68,388
68,80
68,8
68,387
68,165
68,166
68,386
68,167
68,84
68,385
68,83
68,64
68,168
68,82
68,384
68,85
68,394
68,20
68,86
68,66
68,158
68,79
68,393
68,159
68,90
68,160
68,392
68,89
68,161
68,391
68,88
68,163
68,390
68,87
68,65
68,389
68,34
68,78
68,68
68,152
68,130
68,30
68,111
68,71
68,131
68,110
68,132
68,109
68,75
68,133
68,11
68,134
68,108
68,135
68,107
68,70
68,136
68,14
68,137
68,112
68,129
68,113
68,128
68,120
68,73
68,118
68,121
68,117
68,122
68,123
68,116
68,13
68,106
68,124
68,125
68,115
68,72
68,74
68,126
68,19
68,31
68,114
68,127
68,12
68,138
68,139
68,409
68,404
68,77
68,403
68,147
68,98
68,402
68,148
68,97
68,149
68,15
68,401
68,150
68,400
68,151
68,29
68,95
68,399
68,67
68,9
68,33
68,96
68,18
68,146
68,145
68,105
68,140
68,104
68,141
68,27
68,408
68,76
68,32
68,69
68,99
68,142
68,102
68,407
68,10
68,143
68,101
68,406
68,144
68,100
68,405
68,103
68,2
68,189
68,383
68,244
68,325
68,245
68,246
68,324
68,247
68,323
68,248
68,249
68,322
68,250
68,321
68,251
68,42
68,252
68,51
68,320
68,1
68,253
68,319
68,254
68,255
68,81
68,256
68,318
68,257
68,258
68,317
68,259
68,52
68,326
68,243
68,327
68,40
68,230
68,54
68,337
68,231
68,169
68,336
68,22
68,232
68,335
68,233
68,334
68,234
68,235
68,316
68,333
68,332
68,53
68,331
68,4
68,237
68,330
68,238
68,41
68,239
68,329
68,240
68,241
68,328
68,242
68,236
68,260
68,315
68,50
68,277
68,302
68,278
68,301
68,279
68,280
68,300
68,281
68,24
68,282
68,299
68,47
68,45
68,283
68,276
68,298
68,285
68,297
68,286
68,296
68,287
68,288
68,295
68,289
68,294
68,290
68,293
68,46
68,291
68,292
68,284
68,25
68,303
68,48
68,261
68,314
68,262
68,43
68,263
68,313
68,264
68,3
68,312
68,265
68,311
68,266
68,267
68,310
68,275
68,49
68,23
68,308
68,268
68,269
68,307
68,270
68,306
68,271
68,44
68,272
68,273
68,305
68,274
68,304
68,309
68,229
68,28
68,228
68,192
68,366
68,193
68,194
68,365
68,195
68,176
68,364
68,196
68,197
68,175
68,363
68,59
68,37
68,198
68,362
68,338
68,21
68,361
68,35
68,6
68,199
68,360
68,200
68,359
68,201
68,202
68,60
68,62
68,379
68,191
68,180
68,375
68,7
68,181
68,377
68,374
68,179
68,182
68,178
68,373
68,183
68,184
68,26
68,378
68,177
68,372
68,185
68,36
68,61
68,186
68,371
68,187
68,370
68,188
68,369
68,190
68,368
68,367
68,58
68,358
68,203
68,173
68,346
68,381
68,217
68,172
68,39
68,218
68,345
68,219
68,220
68,344
68,382
68,221
68,343
68,222
68,342
68,55
68,223
68,341
68,224
68,225
68,340
68,171
68,226
68,339
68,227
68,170
68,5
68,357
68,376
68,347
68,356
68,63
68,204
68,205
68,355
68,206
68,354
68,207
68,38
68,208
68,209
68,353
68,57
68,56
68,380
68,210
68,211
68,351
68,212
68,174
68,350
68,213
68,214
68,349
68,215
68,348
68,216
68,352
69,2
69,17
69,8
69,21
69,20
69,25
69,11
69,19
69,12
69,5
69,4
69,27
69,10
69,13
69,1
69,6
69,14
69,9
69,3
69,15
69,23
69,18
69,26
69,28
69,7
69,16
69,24
69,22
69,83
69,290
69,58
69,126
69,127
69,128
69,57
69,129
69,130
69,131
69,132
69,56
69,133
69,265
69,264
69,55
69,134
69,135
69,136
69,54
69,137
69,125
69,266
69,267
69,268
69,117
69,118
69,119
69,62
69,120
69,121
69,61
69,122
69,123
69,138
69,124
69,276
69,275
69,59
69,274
69,273
69,272
69,271
69,270
69,269
69,60
69,139
69,140
69,141
69,146
69,147
69,148
69,149
69,150
69,151
69,152
69,48
69,247
69,145
69,246
69,47
69,244
69,243
69,242
69,46
69,241
69,240
69,239
69,238
69,245
69,63
69,144
69,143
69,142
69,262
69,53
69,261
69,260
69,259
69,258
69,52
69,257
69,49
69,256
69,51
69,254
69,253
69,252
69,251
69,50
69,250
69,249
69,248
69,255
69,116
69,277
69,64
69,308
69,307
69,78
69,306
69,305
69,77
69,304
69,303
69,302
69,309
69,76
69,300
69,75
69,299
69,92
69,74
69,93
69,94
69,95
69,73
69,301
69,96
69,91
69,89
69,82
69,84
69,320
69,81
69,319
69,318
69,317
69,80
69,316
69,90
69,315
69,314
69,313
69,312
69,311
69,310
69,85
69,86
69,87
69,88
69,79
69,45
69,97
69,98
69,112
69,67
69,113
69,114
69,115
69,66
69,291
69,65
69,289
69,111
69,288
69,286
69,285
69,284
69,283
69,282
69,281
69,280
69,279
69,278
69,287
69,72
69,68
69,109
69,298
69,297
69,296
69,295
69,294
69,293
69,99
69,100
69,101
69,110
69,102
69,104
69,71
69,105
69,106
69,70
69,292
69,107
69,69
69,108
69,103
69,153
69,263
69,154
69,175
69,166
69,232
69,205
69,227
69,165
69,30
69,220
69,41
69,38
69,195
69,233
69,226
69,191
69,234
69,33
69,235
69,207
69,225
69,39
69,236
69,42
69,206
69,218
69,167
69,36
69,231
69,184
69,172
69,194
69,200
69,37
69,171
69,230
69,170
69,31
69,204
69,219
69,169
69,193
69,229
69,174
69,168
69,202
69,40
69,192
69,203
69,228
69,201
69,208
69,190
69,237
69,44
69,178
69,160
69,35
69,159
69,214
69,34
69,182
69,158
69,215
69,224
69,196
69,157
69,216
69,179
69,156
69,183
69,180
69,217
69,155
69,197
69,185
69,186
69,187
69,213
69,161
69,32
69,176
69,209
69,199
69,223
69,189
69,29
69,164
69,43
69,198
69,222
69,210
69,163
69,188
69,211
69,181
69,162
69,221
69,212
69,177
69,173
70,100
70,195
70,101
70,102
70,99
70,196
70,293
70,104
70,292
70,13
70,186
70,115
70,114
70,187
70,113
70,188
70,112
70,111
70,189
70,103
70,110
70,109
70,191
70,108
70,2
70,192
70,14
70,107
70,106
70,193
70,105
70,194
70,190
70,294
70,200
70,295
70,16
70,91
70,208
70,90
70,89
70,209
70,88
70,87
70,210
70,86
70,85
70,311
70,211
70,312
70,313
70,212
70,314
70,5
70,84
70,17
70,217
70,320
70,216
70,310
70,319
70,215
70,317
70,214
70,316
70,315
70,213
70,318
70,207
70,309
70,308
70,94
70,95
70,219
70,96
70,220
70,97
70,218
70,98
70,15
70,199
70,298
70,297
70,198
70,296
70,6
70,197
70,93
70,299
70,206
70,307
70,306
70,205
70,305
70,204
70,92
70,304
70,203
70,302
70,202
70,301
70,300
70,201
70,303
70,291
70,116
70,185
70,166
70,259
70,233
70,258
70,257
70,256
70,260
70,234
70,235
70,254
70,253
70,236
70,252
70,251
70,255
70,261
70,167
70,262
70,136
70,171
70,137
70,138
70,170
70,139
70,140
70,169
70,141
70,142
70,143
70,10
70,1
70,263
70,168
70,237
70,250
70,249
70,238
70,246
70,160
70,245
70,159
70,244
70,243
70,158
70,242
70,157
70,241
70,240
70,156
70,239
70,155
70,153
70,247
70,172
70,248
70,161
70,4
70,8
70,144
70,165
70,145
70,146
70,147
70,164
70,148
70,149
70,163
70,150
70,151
70,162
70,152
70,9
70,290
70,135
70,264
70,154
70,117
70,225
70,118
70,226
70,119
70,224
70,227
70,121
70,228
70,122
70,123
70,229
70,124
70,120
70,278
70,223
70,279
70,289
70,184
70,288
70,287
70,183
70,286
70,285
70,284
70,182
70,283
70,221
70,282
70,281
70,222
70,280
70,230
70,12
70,277
70,276
70,178
70,128
70,129
70,177
70,130
70,131
70,176
70,132
70,175
70,133
70,11
70,3
70,174
70,265
70,173
70,127
70,134
70,126
70,125
70,231
70,275
70,274
70,232
70,273
70,272
70,7
70,271
70,270
70,181
70,269
70,268
70,180
70,267
70,266
70,179
70,83
70,28
70,65
70,23
70,24
70,35
70,26
70,62
70,27
70,44
70,73
70,61
70,43
70,31
70,42
70,41
70,50
70,59
70,72
70,51
70,63
70,49
70,64
70,70
70,76
70,34
70,75
70,77
70,66
70,45
70,68
70,78
70,30
70,18
70,33
70,47
70,39
70,48
70,74
70,69
70,20
70,32
70,46
70,52
70,60
70,57
70,55
70,38
70,82
70,40
70,54
70,56
70,25
70,37
70,53
70,81
70,36
70,58
70,29
70,80
70,19
70,67
70,79
70,71
70,21
70,22
71,101
71,25
71,109
71,69
71,173
71,107
71,100
71,110
71,156
71,43
71,166
71,40
71,174
71,68
71,41
71,99
71,155
71,112
71,175
71,106
71,176
71,157
71,111
71,108
71,172
71,165
71,104
71,164
71,113
71,162
71,4
71,44
71,167
71,168
71,42
71,14
71,161
71,160
71,19
71,103
71,159
71,169
71,170
71,105
71,24
71,158
71,2
71,171
71,102
71,70
71,8
71,71
71,83
71,67
71,141
71,127
71,58
71,126
71,142
71,125
71,143
71,22
71,10
71,21
71,53
71,52
71,51
71,59
71,50
71,128
71,60
71,140
71,139
71,3
71,134
71,55
71,135
71,136
71,137
71,11
71,56
71,133
71,54
71,132
71,138
71,131
71,57
71,130
71,129
71,114
71,144
71,12
71,49
71,65
71,20
71,151
71,152
71,9
71,48
71,47
71,66
71,46
71,153
71,13
71,45
71,115
71,154
71,150
71,145
71,64
71,117
71,146
71,124
71,147
71,61
71,123
71,122
71,148
71,121
71,62
71,120
71,23
71,119
71,149
71,63
71,118
71,116
71,177
71,163
71,196
71,86
71,75
71,92
71,205
71,187
71,186
71,206
71,30
71,185
71,207
71,93
71,1
71,184
71,204
71,208
71,79
71,209
71,94
71,74
71,210
71,35
71,183
71,95
71,221
71,222
71,80
71,96
71,73
71,200
71,34
71,203
71,76
71,6
71,199
71,198
71,197
71,32
71,90
71,16
71,39
71,195
71,27
71,89
71,194
71,193
71,220
71,33
71,192
71,191
71,190
71,219
71,88
71,18
71,201
71,78
71,202
71,189
71,31
71,77
71,87
71,188
71,211
71,26
71,91
71,81
71,225
71,226
71,217
71,7
71,72
71,15
71,84
71,17
71,227
71,37
71,36
71,82
71,218
71,228
71,223
71,231
71,229
71,85
71,230
71,98
71,216
71,182
71,180
71,215
71,38
71,97
71,212
71,214
71,5
71,178
71,29
71,28
71,224
71,181
71,179
71,213
72,123
72,11
72,149
72,88
72,124
72,27
72,118
72,56
72,61
72,5
72,32
72,137
72,6
72,90
72,120
72,55
72,135
72,84
72,23
72,134
72,121
72,89
72,62
72,119
72,136
72,148
72,122
72,63
72,147
72,31
72,85
72,21
72,57
72,83
72,10
72,130
72,143
72,22
72,80
72,1
72,129
72,140
72,126
72,29
72,128
72,141
72,58
72,81
72,127
72,142
72,30
72,53
72,139
72,125
72,12
72,146
72,87
72,145
72,82
72,144
72,50
72,60
72,133
72,86
72,59
72,138
72,51
72,17
72,132
72,54
72,52
72,131
72,28
72,79
72,39
72,157
72,109
72,106
72,69
72,41
72,110
72,15
72,93
72,156
72,105
72,91
72,111
72,112
72,68
72,155
72,36
72,113
72,104
72,19
72,26
72,45
72,75
72,103
72,35
72,108
72,4
72,42
72,14
72,8
72,73
72,43
72,97
72,3
72,98
72,94
72,44
72,95
72,24
72,158
72,107
72,2
72,74
72,71
72,70
72,99
72,96
72,114
72,76
72,64
72,92
72,101
72,7
72,65
72,16
72,67
72,48
72,33
72,20
72,49
72,9
72,100
72,152
72,38
72,40
72,66
72,47
72,151
72,116
72,46
72,150
72,153
72,37
72,78
72,25
72,13
72,34
72,117
72,18
72,102
72,154
72,77
72,72
72,115
73,56
73,26
73,5
73,42
73,37
73,55
73,40
73,135
73,36
73,38
73,136
73,139
73,28
73,137
73,7
73,138
73,41
73,25
73,39
73,140
73,27
73,43
73,146
73,154
73,34
73,147
73,46
73,47
73,23
73,32
73,148
73,48
73,9
73,33
73,153
73,152
73,49
73,6
73,151
73,149
73,150
73,145
73,29
73,144
73,45
73,141
73,4
73,8
73,142
73,44
73,22
73,143
73,158
73,24
73,30
73,35
73,54
73,157
73,53
73,156
73,52
73,51
73,155
73,31
73,50
73,3
73,10
73,94
73,103
73,17
73,85
73,59
73,126
73,127
73,1
73,116
73,58
73,128
73,79
73,67
73,129
73,115
73,77
73,130
73,57
73,78
73,12
73,132
73,114
73,125
73,133
73,13
73,134
73,104
73,14
73,86
73,21
73,105
73,98
73,72
73,106
73,73
73,97
73,82
73,96
73,107
73,81
73,74
73,95
73,99
73,66
73,93
73,87
73,71
73,60
73,80
73,75
73,15
73,76
73,11
73,131
73,113
73,70
73,90
73,63
73,119
73,2
73,118
73,16
73,89
73,108
73,117
73,19
73,100
73,88
73,64
73,65
73,20
73,101
73,91
73,92
73,120
73,84
73,111
73,68
73,112
73,61
73,124
73,18
73,121
73,123
73,83
73,102
73,69
73,122
73,110
73,109
73,62
74,49
74,32
74,82
74,39
74,41
74,80
74,40
74,52
74,73
74,30
74,99
74,53
74,9
74,47
74,66
74,51
74,61
74,23
74,72
74,12
74,62
74,37
74,79
74,63
74,1
74,86
74,64
74,15
74,48
74,50
74,65
74,20
74,25
74,60
74,19
74,81
74,46
74,8
74,11
74,78
74,57
74,68
74,21
74,14
74,34
74,55
74,69
74,18
74,33
74,70
74,56
74,24
74,16
74,3
74,2
74,43
74,88
74,5
74,83
74,84
74,85
74,89
74,77
74,44
74,90
74,91
74,27
74,4
74,45
74,92
74,6
74,67
74,7
74,22
74,54
74,26
74,29
74,98
74,31
74,97
74,96
74,36
74,74
74,87
74,95
74,58
74,94
74,75
74,35
74,38
74,13
74,59
74,76
74,42
74,71
74,10
74,17
74,28
74,93
75,31
75,39
75,1
75,40
75,47
75,44
75,48
75,25
75,13
75,14
75,41
75,4
75,45
75,24
75,43
75,42
75,19
75,46
75,2
75,37
75,15
75,10
75,50
75,51
75,18
75,52
75,34
75,55
75,53
75,11
75,16
75,21
75,54
75,26
75,29
75,58
75,36
75,35
75,7
75,22
75,28
75,17
75,57
75,33
75,56
75,6
75,38
75,3
75,20
75,23
75,49
75,32
75,27
75,5
75,12
75,30
75,8
75,9
76,22
76,6
76,32
76,58
76,4
76,8
76,44
76,33
76,55
76,27
76,11
76,34
76,45
76,14
76,18
76,24
76,16
76,56
76,2
76,43
76,3
76,57
76,28
76,9
76,10
76,41
76,15
76,17
76,1
76,37
76,12
76,38
76,50
76,25
76,20
76,19
76,49
76,7
76,40
76,30
76,39
76,23
76,51
76,35
76,53
76,5
76,52
76,46
76,54
76,42
76,26
76,47
76,36
76,31
76,48
76,21
76,29
76,13
77,16
77,8
77,35
77,6
77,32
77,14
77,4
77,7
77,18
77,27
77,33
77,26
77,34
77,25
77,19
77,15
77,5
77,13
77,17
77,21
77,29
77,1
77,2
77,11
77,24
77,28
77,12
77,10
77,9
77,20
77,23
77,22
77,3
77,31
77,30
78,35
78,25
78,20
78,19
78,31
78,28
78,4
78,22
78,16
78,17
78,10
78,34
78,29
78,33
78,11
78,23
78,8
78,24
78,7
78,9
78,15
78,1
78,6
78,12
78,18
78,30
78,26
78,2
78,27
78,21
78,32
78,14
78,3
78,5
78,13
79,17
79,10
79,19
79,21
79,12
79,9
79,23
79,7
79,15
79,13
79,1
79,20
79,4
79,5
79,2
79,8
79,14
79,3
79,22
79,6
79,11
79,16
79,18
80,5
80,17
80,3
80,21
80,9
80,1
80,18
80,23
80,6
80,20
80,8
80,7
80,15
80,12
80,19
80,14
80,4
80,13
80,16
80,11
80,10
80,22
80,2
81,8
81,7
81,6
81,13
81,14
81,4
81,2
81,9
81,10
81,12
81,15
81,5
81,3
81,11
81,1
82,11
82,8
82,6
82,5
82,9
82,7
82,4
82,10
82,3
82,1
82,2
83,7
83,6
83,11
83,8
83,2
83,3
83,4
83,9
83,10
83,1
83,5
84,3
84,6
84,10
84,11
84,1
84,9
84,8
84,4
84,2
84,5
84,7
85,7
85,10
85,1
85,5
85,11
85,4
85,2
85,3
85,6
85,8
85,9
86,8
86,5
86,9
86,6
86,4
86,10
86,3
86,7
86,1
86,11
86,2
87,10
87,6
87,3
87,11
87,8
87,1
87,5
87,9
87,7
87,4
87,2
88,9
88,10
88,3
88,4
88,6
88,7
88,5
88,8
88,1
88,2
88,11
89,4
89,2
89,9
89,3
89,10
89,7
89,8
89,1
89,5
89,6
90,8
90,3
90,4
90,1
90,6
90,5
90,7
90,10
90,2
90,9
91,4
91,7
91,3
91,9
91,8
91,6
91,1
91,5
91,2
91,10
92,5
92,8
92,11
92,6
92,4
92,9
92,10
92,1
92,2
92,7
92,3
93,8
93,2
93,3
93,6
93,7
93,9
93,1
93,10
93,4
93,5
93,11
94,6
94,3
94,7
94,4
94,5
94,1
94,8
94,9
94,10
94,2
95,8
95,3
95,7
95,6
95,5
95,2
95,10
95,9
95,1
95,4
96,2
96,9
96,5
96,1
96,6
96,7
96,11
96,8
96,3
96,10
96,4
97,5
97,11
97,3
97,1
97,9
97,10
97,6
97,2
97,4
97,8
97,7
98,1
98,5
98,2
98,10
98,7
98,3
98,4
98,6
98,9
98,8
99,10
99,4
99,2
99,9
99,8
99,1
99,6
99,7
99,3
99,5
100,7
100,11
100,6
100,9
100,1
100,4
100,8
100,10
100,2
100,5
100,3
101,5
101,3
101,6
101,9
101,7
101,1
101,10
101,4
101,11
101,2
101,8
102,4
102,8
102,6
102,3
102,2
102,9
102,7
102,1
102,5
102,11
102,10
103,11
103,3
103,1
103,10
103,4
103,5
103,7
103,9
103,2
103,6
103,8
104,9
104,7
104,11
104,5
104,2
104,3
104,8
104,6
104,1
104,10
104,4
105,6
105,7
105,12
105,9
105,11
105,5
105,8
105,2
105,10
105,3
105,4
105,1
106,4
106,2
106,1
106,5
106,3
106,10
106,8
106,6
106,11
106,7
106,9
106,12
107,4
107,3
107,2
107,6
107,11
107,10
107,5
107,9
107,12
107,13
107,7
107,8
107,1
108,13
108,2
108,6
108,8
108,11
108,4
108,5
108,7
108,10
108,9
108,12
108,3
108,1
109,8
109,4
109,2
109,6
109,9
109,12
109,3
109,13
109,10
109,7
109,5
109,1
109,11
110,8
110,9
110,16
110,10
110,7
110,6
110,2
110,4
110,15
110,11
110,5
110,3
110,1
110,14
110,12
110,13
111,3
111,7
111,5
111,12
111,13
111,9
111,8
111,1
111,4
111,16
111,10
111,11
111,15
111,2
111,6
111,14
112,8
112,7
112,1
112,10
112,14
112,5
112,15
112,12
112,4
112,17
112,3
112,16
112,6
112,11
112,2
112,13
112,9
113,17
113,15
113,14
113,7
113,6
113,8
113,12
113,11
113,16
113,2
113,3
113,4
113,13
113,5
113,1
113,10
113,9
114,8
114,15
114,4
114,9
114,16
114,3
114,13
114,1
114,6
114,12
114,11
114,17
114,2
114,14
114,7
114,5
114,10
115,9
115,13
115,16
115,11
115,2
115,5
115,1
115,14
115,10
115,3
115,15
115,17
115,6
115,12
115,8
115,7
115,4
116,2
116,4
116,3
116,12
116,14
116,10
116,15
116,9
116,11
116,13
116,1
116,16
116,8
116,5
116,6
116,17
116,7
117,14
117,12
117,15
117,9
117,5
117,6
117,17
117,7
117,18
117,1
117,11
117,4
117,8
117,10
117,3
117,16
117,13
117,2
118,17
118,3
118,18
118,9
118,14
118,11
118,15
118,2
118,12
118,6
118,7
118,1
118,4
118,8
118,10
118,13
118,16
118,5
119,2
119,7
119,17
119,18
119,11
119,16
119,9
119,13
119,3
119,4
119,15
119,10
119,14
119,6
119,1
119,8
119,12
119,5
120,19
120,13
120,6
120,12
120,2
120,14
120,5
120,3
120,18
120,20
120,7
120,10
120,11
120,1
120,17
120,4
120,16
120,8
120,9
120,15
121,18
121,17
121,19
121,15
121,20
121,9
121,5
121,8
121,14
121,12
121,16
121,6
121,4
121,13
121,3
121,11
121,10
121,1
121,7
121,2
122,10
122,21
122,3
122,9
122,5
122,7
122,20
122,8
122,15
122,2
122,14
122,4
122,17
122,19
122,12
122,18
122,13
122,16
122,1
122,6
122,11
123,10
123,2
123,13
123,20
123,16
123,9
123,21
123,7
123,3
123,11
123,5
123,15
123,1
123,4
123,6
123,18
123,19
123,14
123,8
123,17
123,12
124,15
124,2
124,14
124,6
124,16
124,5
124,12
124,8
124,9
124,3
124,4
124,7
124,17
124,21
124,19
124,11
124,13
124,20
124,1
124,10
124,18
125,15
125,1
125,16
125,11
125,17
125,2
125,18
125,12
125,14
125,6
125,3
125,19
125,8
125,20
125,9
125,7
125,10
125,21
125,5
125,13
125,4
126,13
126,6
126,10
126,17
126,5
126,16
126,18
126,11
126,7
126,9
126,1
126,19
126,8
126,20
126,4
126,21
126,15
126,14
126,12
126,2
126,3
127,15
127,1
127,19
127,2
127,14
127,16
127,17
127,18
127,3
127,13
127,7
127,12
127,8
127,11
127,5
127,6
127,10
127,9
127,4
128,10
128,9
128,7
128,17
128,11
128,4
128,1
128,8
128,3
128,15
128,16
128,18
128,2
128,19
128,13
128,6
128,14
128,5
128,12
129,12
129,2
129,6
129,10
129,9
129,17
129,11
129,14
129,8
129,1
129,3
129,4
129,19
129,15
129,7
129,13
129,16
129,18
129,5
130,3
130,10
130,16
130,7
130,9
130,6
130,17
130,5
130,14
130,11
130,18
130,15
130,8
130,2
130,4
130,12
130,13
130,1
131,4
131,6
131,10
131,16
131,13
131,9
131,5
131,14
131,7
131,1
131,15
131,3
131,2
131,12
131,11
131,17
131,8
132,5
132,8
132,6
132,4
132,17
132,9
132,7
132,16
132,12
132,14
132,1
132,10
132,11
132,13
132,15
132,2
132,3
133,9
133,11
133,8
133,3
133,7
133,6
133,13
133,5
133,14
133,1
133,15
133,2
133,12
133,4
133,10
134,12
134,4
134,10
134,3
134,7
134,8
134,6
134,15
134,13
134,9
134,14
134,5
134,1
134,2
134,11
135,13
135,7
135,3
135,5
135,10
135,8
135,4
135,2
135,6
135,1
135,9
135,12
135,11
136,6
136,8
136,11
136,7
136,4
136,9
136,3
136,13
136,1
136,10
136,5
136,2
136,12
137,11
137,2
137,5
137,1
137,4
137,7
137,6
137,9
137,10
137,3
137,8
137,12
138,6
138,4
138,8
138,1
138,3
138,9
138,5
138,2
138,7
139,6
139,1
139,5
139,7
139,3
139,9
139,2
139,4
139,8
140,5
140,1
140,7
140,2
140,4
140,6
140,3
141,1
141,6
141,3
141,5
141,2
141,4
142,1
142,2
142,5
142,4
142,3
142,6
143,1
143,2
143,3
143,4
144,1
144,3
144,2
144,4
145,1
145,3
145,2
146,3
146,2
146,1
147,1
147,2
148,1
149,1
150,1
151,1
152,1
153,1
154,1
156,1
157,1
158,1
159,1
165,1
166,1
167,1
169,1
170,1
171,1
172,1
178,1
179,1
